<?xml version='1.0' encoding='UTF-8'?>

<!-- Grammar created 1/06/2025 Amy Goodwin -->
<grammar version="1.0" 
         xmlns="http://www.w3.org/2001/06/grammar"
         xmlns:xsi="http://www.w3.org/2001/XMLSchema-instance"
         xsi:schemaLocation="http://www.w3.org/2001/06/grammar http://www.w3.org/TR/speech-grammar/grammar.xsd"
         xml:lang='en-US'
         mode='voice'
         tag-format='swi-semantics/1.0'
         root='vzn3470_confirmation'>

  <rule id='vzn3470_confirmation' scope='public'>
 <item repeat="0-1" repeat-prob="0.1"><ruleref uri='#hesitation'/></item>  
    <one-of>
      <item>
        <ruleref uri='#confirm_yes'/>
        <tag>output = 'yes';</tag>
      </item>
      <item>
        <ruleref uri='#confirm_no'/>
        <tag>output = 'no';</tag>
      </item>
    </one-of>
  </rule>

 
  <rule id='confirm_yes' scope='private'>
    <one-of>
      <item>yes <item repeat='0-1'>yes</item></item>
      <item weight=".5">yeah</item>
      <item weight=".5">yep</item>	  
      <item>yes ma'am</item>
	<item>
		<item repeat='0-1'>yes</item>
		<item repeat='0-1'>
			<one-of>
				<item>that's</item>
				<item>that is</item>					
			</one-of>
		</item>
		<item>
			<one-of>
				<item>correct</item>
				<item>right</item>		
			</one-of>
		</item>
	</item>	
	<item>correct yes</item>
	<item>right yes</item>
    </one-of>
  </rule>

  <rule id='confirm_no' scope='private'>
    <one-of>
      <item>no <item repeat='0-1'>no</item></item>
      <item weight=".5">nope</item>
      <item>no ma'am</item>
    </one-of>
  </rule>

    <rule id='hesitation' scope='private'>
    <one-of>
      <item>um</item>
      <item>uh</item>
    </one-of>
  </rule>
  
  
</grammar>
