﻿<?xml version='1.0' encoding='UTF-8'?>

<!-- 
	Edgar Leon
	Amy Goodwin 11/12/2025
	Prompt: Para confirmar, le gustaría suspender su Plan Facturación Equilibrada. ¿Es correcto?
	Patricia Padron-Wells: added <item> si </item> to confirm_yes rule

-->
<grammar version="1.0"
		 xmlns="http://www.w3.org/2001/06/grammar"
		 xmlns:xsi="http://www.w3.org/2001/XMLSchema-instance"
		 xsi:schemaLocation="http://www.w3.org/2001/06/grammar http://www.w3.org/TR/speech-grammar/grammar.xsd"
		 xml:lang='es-US'
		 mode='voice'
		 tag-format='swi-semantics/1.0'
		 root='vzn4250_confirmation'>

    <rule id='vzn4250_confirmation' scope='public'>
	<item repeat="0-1" repeat-prob="0.1"><ruleref uri='#hesitation'/></item> 		
        <one-of>
            <item>
                <ruleref uri='#confirm_yes' />
                <tag>output = &apos;yes&apos;</tag>
            </item>
            <item>
                <ruleref uri='#confirm_no' />
                <tag>output = &apos;no&apos;</tag>
            </item>
        </one-of>
    </rule>

    <rule id='confirm_yes' scope='private'>
        <one-of>
			<item>si <item repeat="0-2">si</item></item>
            <item>
				<item repeat="0-1">si</item>
				<one-of>
					<item>correcto</item>
					<item>es correcto</item>
					<item>eso es correcto</item>
					<item>esta correcto</item>	
				</one-of>
			</item>	
        </one-of>
    </rule>

    <rule id='confirm_no' scope='private'>
        <one-of>
            <item>no <item repeat="0-2">no</item></item>
            <item>no es correcto</item>
            <item><item repeat="0-1">no</item> eso es incorrecto</item>
        </one-of>
    </rule>

<rule id='hesitation' scope='private'>
	<one-of>
		<item>eh</item>
		<item>uh</item>
		<item>um</item>		
	</one-of>
</rule>
  		
	
</grammar>